{"cameraMode":{"drawMode":0,"name":"Shaded","section":"Shading Mode"},"sceneLighting":true,"audioPlay":false,"sceneViewState":{"m_AlwaysRefresh":false,"showFog":true,"showSkybox":true,"showFlares":true,"showImageEffects":true,"showParticleSystems":true,"showVisualEffectGraphs":true,"m_FxEnabled":true},"in2DMode":false,"pivot":{"x":-7.747899055480957,"y":2.873600482940674,"z":49.00505828857422},"rotation":{"x":-0.0632682740688324,"y":-0.005392151419073343,"z":0.000343305931892246,"w":-0.9980021119117737},"size":37.696781158447269,"orthographic":false}